product_name,link,price,star_rating,product_description,images_collected,collection_status,shipping_time,other_info,image_base_name
Dipoo Self-Cleaning Slicker Brush,https://www.amazon.com/s?k=Dipoo+Self-Cleaning+Slicker+Brush&tag=idls-20,$8–,N/A,"A self-cleaning slicker brush for dogs (and cats) that gently removes loose undercoat fur, tangles, and dirt. It has fine bent bristles with a retractable mechanism – after brushing, you press a button to release the collected hair, making cleanup easy. Suitable for short or long coats, it helps reduce shedding and keeps the coat healthy.",Yes,Completed,,,Dipoo Self-Cleaning Slicker Brush
PAWFUME Deshedding Dog Shampoo & Conditioner (Show Dog Scent),https://www.amazon.com/s?k=PAWFUME+Deshedding+Dog+Shampoo+%26+Conditioner+%28Show+Dog+Scent%29&tag=idls-20,$12–,N/A,"A premium 2-in-1 deshedding shampoo and conditioner formulated to reduce shedding and nourish the coat. “Pawfume” shampoo is pH-balanced, hypoallergenic, and infused with salon-quality botanicals and conditioners to detangle fur and soothe skin. The Show Dog scent blend (white lily, powdery musk, and amber) leaves your pup smelling fresh. It’s designed to make coats silky while being gentle on sensitive skin amazon.com amazon.com .",Yes,Completed,,,PAWFUME Deshedding Dog Shampoo & Conditioner (Show Dog Scent)
oneisall Low-Noise Dog Grooming Clippers Kit,https://www.amazon.com/s?k=oneisall+Low-Noise+Dog+Grooming+Clippers+Kit&tag=idls-20,$30–,N/A,"A complete electric clipper kit for home dog grooming. This cordless rechargeable clipper by oneisall is designed for trimming dogs’ fur (even thick or matted coats) with minimal noise – it runs quietly to avoid scaring pets. It features a stainless steel fixed blade and ceramic moving blade for sharp, safe cutting. The kit typically includes guide combs (guards), a cleaning brush, and oil. It’s great for full body trims or touch-ups between professional grooms.",Yes,Completed,,,oneisall Low-Noise Dog Grooming Clippers Kit
Hansprou High-Power 12V Professional Dog Clipper (Detachable Blade),https://www.amazon.com/s?k=Hansprou+High-Power+12V+Professional+Dog+Clipper+%28Detachable+Blade%29&tag=idls-20,$30–,N/A,"A heavy-duty, corded dog grooming clipper equipped with a powerful 12V rotary motor. This professional-grade clipper has a detachable blade design, allowing easy blade changes and cleaning. It’s strong enough for thick, heavy coats that can be challenging for battery clippers. Despite its power, it operates relatively quietly and has adjustable speeds. Ideal for at-home groomers with dogs that have dense or double coats (e.g. collies, huskies) or for multi-pet households.",Yes,Completed,,,Hansprou High-Power 12V Professional Dog Clipper (Detachable Blade)
Andis UltraEdge 2-Speed Detachable Blade Clipper (Model AGC2),https://www.amazon.com/s?k=Andis+UltraEdge+2-Speed+Detachable+Blade+Clipper+%28Model+AGC2%29&tag=idls-20,$120–,N/A,"A professional-quality Andis grooming clipper commonly used by pet groomers. It features two speeds and a cool-running rotary motor, suitable for all coat types (from fine to very thick). The detachable UltraEdge blade system allows you to swap blade sizes for different lengths or replace with compatible blades (including Oster A5 blades). It has a shatter-proof housing and a 14-ft cord for flexibility. This clipper is great for full-body grooming and can handle heavy use.",Yes,Completed,,,Andis UltraEdge 2-Speed Detachable Blade Clipper (Model AGC2)
3-Pack Silicone Dog Bath & Grooming Brushes,https://www.amazon.com/s?k=3-Pack+Silicone+Dog+Bath+%26+Grooming+Brushes&tag=idls-20,$10,N/A,"A set of three handheld silicone bath brushes in assorted colors. These flexible scrubber brushes are used during bath time to work shampoo into the coat, or for gentle massage grooming on wet or dry fur. They have an adjustable ring grip/strap for your hand, making them easy to hold without slipping. The soft silicone bristles help remove loose hair and dirt while being gentle on skin – great for short-haired dogs or sensitive areas. Each brush in the set can be dedicated to different pets or uses.",Yes,Completed,,,3-Pack Silicone Dog Bath & Grooming Brushes
LED Light Pet Nail Clipper (with Safety Quick Sensor),https://www.amazon.com/s?k=LED+Light+Pet+Nail+Clipper+%28with+Safety+Quick+Sensor%29&tag=idls-20,$10–,N/A,"A nail trimmer for dogs and cats that includes a built-in LED light to illuminate the nail’s quick (the blood vessel) for safer trimming. The clipper has sharp stainless steel blades and often a magnifier guard attached to clearly see the nail and prevent over-cutting. It’s designed to make at-home nail trims easier, especially for pet owners worried about cutting nails too short. The LED light is particularly helpful for dogs with darker nails where the quick is hard to see barbabos.ubuy.com . It typically also has an integrated nail trapper to catch clippings.",Yes,Completed,,,LED Light Pet Nail Clipper (with Safety Quick Sensor)
LEYOUFU Cordless Dog Paw Trimmer (Mini Grooming Clipper),https://www.amazon.com/s?k=LEYOUFU+Cordless+Dog+Paw+Trimmer+%28Mini+Grooming+Clipper%29&tag=idls-20,N/A,N/A,"A small, cordless electric trimmer specifically made for grooming sensitive or hard-to-reach areas like paws, face, ears, and around the eyes. The LEYOUFU paw trimmer has a narrow blade (around",Yes,Completed,,,LEYOUFU Cordless Dog Paw Trimmer (Mini Grooming Clipper)
IPX5 Waterproof Dog Hair Clipper (Low-Noise Cordless Trimmer),https://www.amazon.com/s?k=IPX5+Waterproof+Dog+Hair+Clipper+%28Low-Noise+Cordless+Trimmer%29&tag=idls-20,$25–,N/A,"A waterproof rechargeable pet clipper that can be used on wet or dry fur – handy for grooming during bath time or for easy cleaning under running water. This type of clipper (e.g., the ZeLing cordless clipper) typically has an IPX5 water-resistance rating, meaning it can withstand water splashes. It features a detachable titanium and ceramic blade, two or three speed settings, and runs quietly (~50 dB). It’s suitable for trimming dogs with fine to medium coats, and the waterproof design allows you to rinse hair off the blades easily amazon.com amazon.ca .",Yes,Completed,,,IPX5 Waterproof Dog Hair Clipper (Low-Noise Cordless Trimmer)
FURBB Five-Finger Pet Grooming Glove (Deshedding Mitt),https://www.amazon.com/s?k=FURBB+Five-Finger+Pet+Grooming+Glove+%28Deshedding+Mitt%29&tag=idls-20,$8–,N/A,"A flexible grooming glove with rubberized nodules on the palm and fingers, used to massage your pet and remove loose hair. The FURBB grooming glove fits on your hand (usually with an adjustable wrist strap) and allows you to brush your dog by petting them. It’s great for dogs that are anxious about brushes – the gentle massage action helps remove shed fur and dirt while giving a bonding experience. Suitable for short or medium coats, and can be used during baths or dry. (Often comes as a single glove, sometimes sold in pairs.)",Yes,Completed,,,FURBB Five-Finger Pet Grooming Glove (Deshedding Mitt)
Gonicc Dog & Cat Nail Clippers with Safety Guard,https://www.amazon.com/s?k=Gonicc+Dog+%26+Cat+Nail+Clippers+with+Safety+Guard&tag=idls-20,$10–,N/A,"A best-selling nail clipper for pets, known for its sharp blades and built-in safety guard. The gonicc clippers are made of high-quality stainless steel and have non-slip ergonomic handles. They include a quick safety stop – a small adjustable plate that prevents you from cutting too much nail at once – reducing the risk of injury. There’s also a hidden nail file in the handle for smoothing edges after clipping. These clippers are sturdy enough for even large dog nails and are a staple in many pet owners’ grooming kits.",Yes,Completed,,,Gonicc Dog & Cat Nail Clippers with Safety Guard
FURminator Undercoat Deshedding Tool (for Dogs),https://www.amazon.com/s?k=FURminator+Undercoat+Deshedding+Tool+%28for+Dogs%29&tag=idls-20,$20–,N/A,"The iconic FURminator deshedding tool, designed to remove loose undercoat hair and reduce shedding by up to 90% amazon.com . It has a stainless steel edge that reaches deep beneath the topcoat to gently pull out loose fur without cutting the skin or top hair (when used as directed). A “FURejector” button allows you to eject the collected hair from the comb for easy cleanup. This tool comes in various sizes for different dog sizes and coat lengths (short hair vs. long hair versions). It’s extremely effective for heavy shedders and double-coated breeds.",Yes,Completed,,,FURminator Undercoat Deshedding Tool (for Dogs)
Earth Rated Dog Grooming Wipes (Unscented) – 100 Count,https://www.amazon.com/s?k=Earth+Rated+Dog+Grooming+Wipes+%28Unscented%29+%E2%80%93+100+Count&tag=idls-20,$8–,N/A,"Thick, hypoallergenic grooming wipes for dogs (and cats) made by Earth Rated. These plant-based wipes are alcohol-free and gentle, infused with aloe vera, shea butter, and chamomile to clean and moisturize your pet’s fur and paws. They’re perfect for quick clean-ups – wiping muddy paws, cleaning fur after walks, or freshening up between baths. The unscented version is great for sensitive pets or owners who prefer no fragrance. Each wipe is textured to help lift dirt and odors bestreviews.com in.pinterest.com .",Yes,Completed,,,Earth Rated Dog Grooming Wipes (Unscented) – 100 Count
Casfuy Rechargeable Dog Nail Grinder (Quiet Electric Trimmer),https://www.amazon.com/s?k=Casfuy+Rechargeable+Dog+Nail+Grinder+%28Quiet+Electric+Trimmer%29&tag=idls-20,$19–,N/A,"A veterinarian-recommended electric nail grinder for dogs (and cats). The Casfuy grinder uses a diamond drum bit grinder to file down nails safely and painlessly. It offers two speed settings (and newer models up to 6 speeds) and three grinding ports/openings to suit small, medium, or large pets’ nails. It’s designed to produce very low vibration and noise (around 45 dB), which helps keep pets calm during nail trimming. Many pet owners use this instead of clippers to avoid cutting into the quick – you can grind in small increments. It’s USB rechargeable and portable.",Yes,Completed,,,Casfuy Rechargeable Dog Nail Grinder (Quiet Electric Trimmer)
Veterinary Formula Clinical Care Antiseptic & Antifungal Shampoo,https://www.amazon.com/s?k=Veterinary+Formula+Clinical+Care+Antiseptic+%26+Antifungal+Shampoo&tag=idls-20,$10–,N/A,"A medicated shampoo for dogs and cats that treats skin infections and dermatitis. This Veterinary Formula Clinical Care shampoo contains benzethonium chloride (antibacterial) and ketoconazole (antifungal) to help relieve issues like ringworm, fungal infections, dandruff, and pyoderma. It’s pH-balanced for pets and free of parabens and soap, so it won’t irritate skin. Pet parents use this to alleviate itchy, red, scaly, or greasy skin conditions – it’s often recommended by vets for dogs with skin allergies or yeast infections. (Use it 2x weekly until the condition improves, then as needed iheartdogs.com .)",Yes,Completed,,,Veterinary Formula Clinical Care Antiseptic & Antifungal Shampoo
Hertzko Self-Cleaning Slicker Brush (Original Purple Model),https://www.amazon.com/s?k=Hertzko+Self-Cleaning+Slicker+Brush+%28Original+Purple+Model%29&tag=idls-20,$15,N/A,"A well-known self-cleaning slicker brush for dogs and cats. Hertzko’s slicker brush has fine, slightly angled wire bristles that effectively detangle and remove loose hair, mats, and dander from the coat. It’s gentle on pets’ skin thanks to protective plastic tips on the bristles. After brushing, you press a button and the bristles retract into the brush, allowing the collected fur to be wiped off in one sheet. This brush works for many coat types (long, curly, or thick fur – especially great for shedding undercoats). It was even voted Best Overall Pet Brush by some reviewers thedodo.com .",No,Pending,,,Hertzko Self-Cleaning Slicker Brush (Original Purple Model)
KONG ZoomGroom Multi-Use Dog Brush,https://www.amazon.com/s?k=KONG+ZoomGroom+Multi-Use+Dog+Brush&tag=idls-20,$7–,N/A,"A soft rubber grooming brush by KONG that is used for bathing and massaging. The ZoomGroom is a palm-sized, chunky rubber brush with gentle “fingers” that loosen and attract shed hair like a magnet shop.akc.org . It’s excellent for short-haired and medium-coated dogs – you can use it to shampoo the dog (the rubber bristles help work the shampoo into the coat and exfoliate the skin) or use it dry to give a relaxing massage while removing loose fur. It stimulates capillaries and natural oil production for a healthy coat shop.akc.org . Many dogs find it very enjoyable, as it feels like a massage.",No,Pending,,,KONG ZoomGroom Multi-Use Dog Brush
WAHL Dry Skin & Itch Relief Dog Shampoo (Oatmeal Formula),https://www.amazon.com/s?k=WAHL+Dry+Skin+%26+Itch+Relief+Dog+Shampoo+%28Oatmeal+Formula%29&tag=idls-20,$10,N/A,"A large-bottle oatmeal dog shampoo by Wahl, formulated for moisturizing dry, itchy skin. It’s made with colloidal oatmeal, coconut, lime, aloe vera, and lemon verbena scent. This shampoo is gentle, alcohol-free, and paraben-free – great for dogs with sensitive skin or allergies. It lathers well and rinses clean, helping to soothe itchiness and leave the coat soft and shiny. The coconut lime verbena fragrance is pleasant but not overpowering. (Wahl is known for their pet clippers, and their shampoo has become a best-seller due to quality and value.)",No,Pending,,,WAHL Dry Skin & Itch Relief Dog Shampoo (Oatmeal Formula)
Pet Magasin Grooming Scissors Kit (2-Pack),https://www.amazon.com/s?k=Pet+Magasin+Grooming+Scissors+Kit+%282-Pack%29&tag=idls-20,$12–,N/A,"A set of two grooming scissors for at-home trims: one larger straight scissor for body fur, and one smaller scissor with micro-serrated blades for delicate trimming around the face, paws, and other sensitive areas amazon.com . Both have round safety tips to prevent accidentally poking your pet. They are made of high-quality Japanese stainless steel for sharpness and durability. These scissors are great for trimming hair around the eyes, ears, and feet, or doing touch-up trims between grooming sessions. The handles are designed with an ergonomic grip and an extra finger rest for comfort and control.",No,Pending,,,Pet Magasin Grooming Scissors Kit (2-Pack)
SleekEZ Original Deshedding Grooming Tool (5-Inch),https://www.amazon.com/s?k=SleekEZ+Original+Deshedding+Grooming+Tool+%285-Inch%29&tag=idls-20,$15–,N/A,"The SleekEZ deshedding tool is a simple but highly effective grooming device for removing loose hair, fur, and even dirt. It features a patented wave-pattern blade (with tiny teeth) mounted in a wooden handle. As you stroke it along the pet’s coat, it painlessly grabs and pulls out loose undercoat hair without tugging on the skin amazon.com . It works on all fur types – short, medium, or long – and is also useful for furniture, carpeting, or horse grooming (to remove shed hair). Many dog owners are amazed at how much fur this tool pulls off, and dogs often enjoy the sensation. It’s especially great for heavy seasonal shedders.",No,Pending,,,SleekEZ Original Deshedding Grooming Tool (5-Inch)
