Filename,Source URL,Collection Status
Dipoo Self-Cleaning Slicker Brush.jpg,https://placehold.co/1200x600/e2e8f0/1e293b?text=Image_of_a_Dipoo_Self_Cleaning_Slicker_Brush_for_p
PAWFUME Deshedding Dog Shampoo & Conditioner (Show Dog Scent).jpg,https://placehold.co/1200x600/e2e8f0/1e293b?text=PAWFUME_Deshedding_Dog_Shampoo___Conditioner_bottl
oneisall Low-Noise Dog Grooming Clippers Kit.jpg,https://placehold.co/1200x600/e2e8f0/1e293b?text=Image_of_oneisall_Low_Noise_Dog_Grooming_Clippers_
Hansprou High-Power 12V Professional Dog Clipper (Detachable Blade).jpg,https://placehold.co/1200x600/e2e8f0/1e293b?text=Hansprou_High_Power_12V_Professional_Dog_Clipper_w
Andis UltraEdge 2-Speed Detachable Blade Clipper (Model AGC2).jpg,https://placehold.co/1200x600/e2e8f0/1e293b?text=Andis_UltraEdge_2_Speed_Detachable_Blade_Clipper__
3-Pack Silicone Dog Bath & Grooming Brushes.jpg,https://placehold.co/1200x600/e2e8f0/1e293b?text=3_Pack_Silicone_Dog_Bath_and_Grooming_Brushes
LED Light Pet Nail Clipper (with Safety Quick Sensor).jpg,https://placehold.co/1200x600/e2e8f0/1e293b?text=LED_Light_Pet_Nail_Clipper_with_Safety_Quick_Senso
LEYOUFU Cordless Dog Paw Trimmer (Mini Grooming Clipper).jpg,https://placehold.co/1200x600/e2e8f0/1e293b?text=LEYOUFU_Cordless_Dog_Paw_Trimmer__Mini_Grooming_Cl
IPX5 Waterproof Dog Hair Clipper (Low-Noise Cordless Trimmer).jpg,https://placehold.co/1200x600/e2e8f0/1e293b?text=IPX5_Waterproof_Dog_Hair_Clipper__Low_Noise_Cordle
FURBB Five-Finger Pet Grooming Glove (Deshedding Mitt).jpg,https://placehold.co/1200x600/e2e8f0/1e293b?text=FURBB_Five_Finger_Pet_Grooming_Glove__Deshedding_M
Gonicc Dog & Cat Nail Clippers with Safety Guard.jpg,https://placehold.co/1200x600/e2e8f0/1e293b?text=Gonicc_Dog___Cat_Nail_Clippers_with_Safety_Guard_p
FURminator Undercoat Deshedding Tool (for Dogs).jpg,https://placehold.co/1200x600/e2e8f0/1e293b?text=Image_of_the_FURminator_Undercoat_Deshedding_Tool_
Earth Rated Dog Grooming Wipes (Unscented) – 100 Count.jpg,https://placehold.co/1200x600/e2e8f0/1e293b?text=Earth_Rated_Dog_Grooming_Wipes__Unscented__product
Casfuy Rechargeable Dog Nail Grinder (Quiet Electric Trimmer).jpg,https://placehold.co/1200x600/e2e8f0/1e293b?text=Casfuy_Rechargeable_Dog_Nail_Grinder_Quiet_Electri
Veterinary Formula Clinical Care Antiseptic & Antifungal Shampoo.jpg,https://placehold.co/1200x600/e2e8f0/1e293b?text=Bottle_of_Veterinary_Formula_Clinical_Care_Antisep
Hertzko Self-Cleaning Slicker Brush (Original Purple Model).jpg,N/A,Not Collected
KONG ZoomGroom Multi-Use Dog Brush.jpg,N/A,Not Collected
WAHL Dry Skin & Itch Relief Dog Shampoo (Oatmeal Formula).jpg,N/A,Not Collected
Pet Magasin Grooming Scissors Kit (2-Pack).jpg,N/A,Not Collected
SleekEZ Original Deshedding Grooming Tool (5-Inch).jpg,N/A,Not Collected