product_name,link,price,star_rating,product_description,images_collected,collection_status,shipping_time,other_info,image_base_name
Dipoo Self-Cleaning Slicker Brush,https://www.amazon.com/s?k=Dipoo+Self-Cleaning+Slicker+Brush&tag=idls-20,$8-$10,4.6/5,"A self-cleaning slicker brush for dogs (and cats) that gently removes loose undercoat fur, tangles, and dirt. It has fine bent bristles with a retractable mechanism – after brushing, you press a button to release the collected hair, making cleanup easy. Suitable for short or long coats, it helps reduce shedding and keeps the coat healthy.",Yes,Completed,,,Dipoo Self-Cleaning Slicker Brush
PAWFUME Deshedding Dog Shampoo & Conditioner (Show Dog Scent),https://www.amazon.com/s?k=PAWFUME+Deshedding+Dog+Shampoo+%26+Conditioner+%28Show+Dog+Scent%29&tag=idls-20,$12-$16,4.5/5,"A premium 2-in-1 deshedding shampoo and conditioner formulated to reduce shedding and nourish the coat. pH-balanced, hypoallergenic, and infused with salon-quality botanicals and conditioners to detangle fur and soothe skin. The Show Dog scent blend (white lily, powdery musk, and amber) leaves your pup smelling fresh.",Yes,Completed,,,PAWFUME Deshedding Dog Shampoo & Conditioner (Show Dog Scent)
oneisall Low-Noise Dog Grooming Clippers Kit,https://www.amazon.com/s?k=oneisall+Low-Noise+Dog+Grooming+Clippers+Kit&tag=idls-20,$30-$40,4.5/5,"A complete electric clipper kit for home dog grooming. This cordless rechargeable clipper is designed for trimming dogs' fur (even thick or matted coats) with minimal noise – it runs quietly to avoid scaring pets. Features stainless steel fixed blade and ceramic moving blade for sharp, safe cutting.",Yes,Completed,,,oneisall Low-Noise Dog Grooming Clippers Kit
Hansprou High-Power 12V Professional Dog Clipper (Detachable Blade),https://www.amazon.com/s?k=Hansprou+High-Power+12V+Professional+Dog+Clipper+%28Detachable+Blade%29&tag=idls-20,$30-$45,4.7/5,"A heavy-duty, corded dog grooming clipper equipped with a powerful 12V rotary motor. This professional-grade clipper has a detachable blade design, allowing easy blade changes and cleaning. Strong enough for thick, heavy coats that can be challenging for battery clippers.",Yes,Completed,,,Hansprou High-Power 12V Professional Dog Clipper (Detachable Blade)
Andis UltraEdge 2-Speed Detachable Blade Clipper (Model AGC2),https://www.amazon.com/s?k=Andis+UltraEdge+2-Speed+Detachable+Blade+Clipper+%28Model+AGC2%29&tag=idls-20,$120-$150,4.3/5,"A professional-quality Andis grooming clipper commonly used by pet groomers. Features two speeds and a cool-running rotary motor, suitable for all coat types. The detachable UltraEdge blade system allows you to swap blade sizes for different lengths.",Yes,Completed,,,Andis UltraEdge 2-Speed Detachable Blade Clipper (Model AGC2)
3-Pack Silicone Dog Bath & Grooming Brushes,https://www.amazon.com/s?k=3-Pack+Silicone+Dog+Bath+%26+Grooming+Brushes&tag=idls-20,Under $10,4.5/5,"A set of three handheld silicone bath brushes in assorted colors. These flexible scrubber brushes are used during bath time to work shampoo into the coat, or for gentle massage grooming on wet or dry fur. They have an adjustable ring grip/strap for your hand.",Yes,Completed,,,3-Pack Silicone Dog Bath & Grooming Brushes
LED Light Pet Nail Clipper (with Safety Quick Sensor),https://www.amazon.com/s?k=LED+Light+Pet+Nail+Clipper+%28with+Safety+Quick+Sensor%29&tag=idls-20,$10-$15,4.4/5,A nail trimmer for dogs and cats that includes a built-in LED light to illuminate the nail's quick (the blood vessel) for safer trimming. The clipper has sharp stainless steel blades and often a magnifier guard attached to clearly see the nail and prevent over-cutting.,Yes,Completed,,,LED Light Pet Nail Clipper (with Safety Quick Sensor)
LEYOUFU Cordless Dog Paw Trimmer (Mini Grooming Clipper),https://www.amazon.com/s?k=LEYOUFU+Cordless+Dog+Paw+Trimmer+%28Mini+Grooming+Clipper%29&tag=idls-20,$9-$15,4.1/5,"A small, cordless electric trimmer specifically made for grooming sensitive or hard-to-reach areas like paws, face, ears, and around the eyes. Has a narrow blade with rounded tips to safely trim fur between paw pads or do detail work on small dogs and cats.",Yes,Completed,,,LEYOUFU Cordless Dog Paw Trimmer (Mini Grooming Clipper)
IPX5 Waterproof Dog Hair Clipper (Low-Noise Cordless Trimmer),https://www.amazon.com/s?k=IPX5+Waterproof+Dog+Hair+Clipper+%28Low-Noise+Cordless+Trimmer%29&tag=idls-20,$25-$40,4.5/5,"A waterproof rechargeable pet clipper that can be used on wet or dry fur – handy for grooming during bath time or for easy cleaning under running water. Features detachable titanium and ceramic blade, two or three speed settings, and runs quietly.",Yes,Completed,,,IPX5 Waterproof Dog Hair Clipper (Low-Noise Cordless Trimmer)
FURBB Five-Finger Pet Grooming Glove (Deshedding Mitt),https://www.amazon.com/s?k=FURBB+Five-Finger+Pet+Grooming+Glove+%28Deshedding+Mitt%29&tag=idls-20,$8-$12,4.2/5,"A flexible grooming glove with rubberized nodules on the palm and fingers, used to massage your pet and remove loose hair. Fits on your hand and allows you to brush your dog by petting them. Great for dogs that are anxious about brushes.",Yes,Completed,,,FURBB Five-Finger Pet Grooming Glove (Deshedding Mitt)
Gonicc Dog & Cat Nail Clippers with Safety Guard,https://www.amazon.com/s?k=Gonicc+Dog+%26+Cat+Nail+Clippers+with+Safety+Guard&tag=idls-20,$10-$13,4.6/5,"A best-selling nail clipper for pets, known for its sharp blades and built-in safety guard. Made of high-quality stainless steel with non-slip ergonomic handles. Includes a quick safety stop and hidden nail file in the handle for smoothing edges after clipping.",Yes,Completed,,,Gonicc Dog & Cat Nail Clippers with Safety Guard
FURminator Undercoat Deshedding Tool (for Dogs),https://www.amazon.com/s?k=FURminator+Undercoat+Deshedding+Tool+%28for+Dogs%29&tag=idls-20,$20-$35,4.7/5,"The iconic FURminator deshedding tool, designed to remove loose undercoat hair and reduce shedding by up to 90%. Has a stainless steel edge that reaches deep beneath the topcoat to gently pull out loose fur without cutting the skin or top hair.",Yes,Completed,,,FURminator Undercoat Deshedding Tool (for Dogs)
Earth Rated Dog Grooming Wipes (Unscented) – 100 Count,https://www.amazon.com/s?k=Earth+Rated+Dog+Grooming+Wipes+%28Unscented%29+%E2%80%93+100+Count&tag=idls-20,$8-$10,4.6/5,"Thick, hypoallergenic grooming wipes for dogs and cats made by Earth Rated. These plant-based wipes are alcohol-free and gentle, infused with aloe vera, shea butter, and chamomile to clean and moisturize your pet's fur and paws.",Yes,Completed,,,Earth Rated Dog Grooming Wipes (Unscented) – 100 Count
Casfuy Rechargeable Dog Nail Grinder (Quiet Electric Trimmer),https://www.amazon.com/s?k=Casfuy+Rechargeable+Dog+Nail+Grinder+%28Quiet+Electric+Trimmer%29&tag=idls-20,$19-$30,4.5/5,"A veterinarian-recommended electric nail grinder for dogs and cats. Uses a diamond drum bit grinder to file down nails safely and painlessly. Offers two speed settings and three grinding ports/openings to suit small, medium, or large pets' nails.",Yes,Completed,,,Casfuy Rechargeable Dog Nail Grinder (Quiet Electric Trimmer)
Veterinary Formula Clinical Care Antiseptic & Antifungal Shampoo,https://www.amazon.com/s?k=Veterinary+Formula+Clinical+Care+Antiseptic+%26+Antifungal+Shampoo&tag=idls-20,$10-$15,4.7/5,"A medicated shampoo for dogs and cats that treats skin infections and dermatitis. Contains benzethonium chloride (antibacterial) and ketoconazole (antifungal) to help relieve issues like ringworm, fungal infections, dandruff, and pyoderma.",Yes,Completed,,,Veterinary Formula Clinical Care Antiseptic & Antifungal Shampoo
Hertzko Self-Cleaning Slicker Brush (Original Purple Model),https://www.amazon.com/s?k=Hertzko+Self-Cleaning+Slicker+Brush+%28Original+Purple+Model%29&tag=idls-20,$12-$17,4.6/5,"A well-known self-cleaning slicker brush for dogs and cats. Has fine, slightly angled wire bristles that effectively detangle and remove loose hair, mats, and dander from the coat. Gentle on pets' skin thanks to protective plastic tips on the bristles.",No,Pending,,,Hertzko Self-Cleaning Slicker Brush (Original Purple Model)
KONG ZoomGroom Multi-Use Dog Brush,https://www.amazon.com/s?k=KONG+ZoomGroom+Multi-Use+Dog+Brush&tag=idls-20,$7-$12,4.7/5,"A soft rubber grooming brush by KONG that is used for bathing and massaging. The ZoomGroom is a palm-sized, chunky rubber brush with gentle fingers that loosen and attract shed hair like a magnet. Excellent for short-haired and medium-coated dogs.",No,Pending,,,KONG ZoomGroom Multi-Use Dog Brush
WAHL Dry Skin & Itch Relief Dog Shampoo (Oatmeal Formula),https://www.amazon.com/s?k=WAHL+Dry+Skin+%26+Itch+Relief+Dog+Shampoo+%28Oatmeal+Formula%29&tag=idls-20,$10,4.7/5,"A large-bottle oatmeal dog shampoo by Wahl, formulated for moisturizing dry, itchy skin. Made with colloidal oatmeal, coconut, lime, aloe vera, and lemon verbena scent. This shampoo is gentle, alcohol-free, and paraben-free – great for dogs with sensitive skin.",No,Pending,,,WAHL Dry Skin & Itch Relief Dog Shampoo (Oatmeal Formula)
Pet Magasin Grooming Scissors Kit (2-Pack),https://www.amazon.com/s?k=Pet+Magasin+Grooming+Scissors+Kit+%282-Pack%29&tag=idls-20,$12-$15,4.7/5,"A set of two grooming scissors for at-home trims: one larger straight scissor for body fur, and one smaller scissor with micro-serrated blades for delicate trimming around the face, paws, and other sensitive areas. Both have round safety tips.",No,Pending,,,Pet Magasin Grooming Scissors Kit (2-Pack)
SleekEZ Original Deshedding Grooming Tool (5-Inch),https://www.amazon.com/s?k=SleekEZ+Original+Deshedding+Grooming+Tool+%285-Inch%29&tag=idls-20,$15-$20,4.8/5,"The SleekEZ deshedding tool features a patented wave-pattern blade with tiny teeth mounted in a wooden handle. As you stroke it along the pet's coat, it painlessly grabs and pulls out loose undercoat hair without tugging on the skin.",No,Pending,,,SleekEZ Original Deshedding Grooming Tool (5-Inch)
