{
  "Dipoo Self-Cleaning Slicker Brush": "https://cdn.abacus.ai/images/e3ce4af6-a7db-480d-a850-bab3650230ce.png",
  "PAWFUME Deshedding Dog Shampoo & Conditioner (Show Dog Scent)": "https://cdn.abacus.ai/images/ed76ce6c-4159-4430-ba8f-b4544e2d781e.png",
  "oneisall Low-Noise Dog Grooming Clippers Kit": "https://cdn.abacus.ai/images/4bf523ab-e650-447e-98c5-539ab98c6528.png",
  "Hansprou High-Power 12V Professional Dog Clipper (Detachable Blade)": "https://cdn.abacus.ai/images/47394d52-b91c-4f4a-b4d8-b1d3851755d5.png",
  "Andis UltraEdge 2-Speed Detachable Blade Clipper (Model AGC2)": "https://cdn.abacus.ai/images/5480c773-45ae-49b6-9c9d-da7493823ec7.png",
  "3-Pack Silicone Dog Bath & Grooming Brushes": "https://cdn.abacus.ai/images/aec86700-8dc0-43a2-934b-0b88b92c58f7.png",
  "LED Light Pet Nail Clipper (with Safety Quick Sensor)": "https://cdn.abacus.ai/images/121da31c-e36f-4a9a-9e29-b414723ede98.png",
  "LEYOUFU Cordless Dog Paw Trimmer (Mini Grooming Clipper)": "https://cdn.abacus.ai/images/a2427458-dde3-44d4-9b13-facebad326b6.png",
  "IPX5 Waterproof Dog Hair Clipper (Low-Noise Cordless Trimmer)": "https://cdn.abacus.ai/images/7280754a-db63-4cc2-894b-820ddfa993fd.png",
  "FURBB Five-Finger Pet Grooming Glove (Deshedding Mitt)": "https://cdn.abacus.ai/images/37a8721f-0665-4e95-a99f-4121c1c827f5.png",
  "Gonicc Dog & Cat Nail Clippers with Safety Guard": "https://cdn.abacus.ai/images/ae4558a1-f879-469a-858e-8a6a3475f690.png",
  "FURminator Undercoat Deshedding Tool (for Dogs)": "https://cdn.abacus.ai/images/b659e0b6-3330-4acb-8237-af2431c0597b.png",
  "Earth Rated Dog Grooming Wipes (Unscented) \u2013 100 Count": "https://cdn.abacus.ai/images/b9a2ef9a-86c1-40fe-a689-941eea99a43a.png",
  "Casfuy Rechargeable Dog Nail Grinder (Quiet Electric Trimmer)": "https://cdn.abacus.ai/images/84c2a972-670d-49c6-bbfb-3780797d085c.png",
  "Veterinary Formula Clinical Care Antiseptic & Antifungal Shampoo": "https://cdn.abacus.ai/images/4fe4c2bd-5a79-43eb-8914-43645f5e3752.png",
  "Hertzko Self-Cleaning Slicker Brush (Original Purple Model)": "Image generation limit reached - would need additional generation",
  "KONG ZoomGroom Multi-Use Dog Brush": "Image generation limit reached - would need additional generation",
  "WAHL Dry Skin & Itch Relief Dog Shampoo (Oatmeal Formula)": "Image generation limit reached - would need additional generation",
  "Pet Magasin Grooming Scissors Kit (2-Pack)": "Image generation limit reached - would need additional generation",
  "SleekEZ Original Deshedding Grooming Tool (5-Inch)": "Image generation limit reached - would need additional generation"
}