Product Name,Description,Price Range,Average Rating,Amazon Search Link,Image File Name
"Minties VetIQ Dog Dental Chews (40 Count, Small Dogs)","Vet-recommended dental treat chews for dogs 5-24 lbs. Mint-flavored bones help clean teeth, remove plaque/tartar, and freshen breath with five natural breath-fresheners (alfalfa, parsley, fennel, dill, peppermint)",$8-$13,4.6/5 stars,https://www.amazon.com/s?k=Minties+VetIQ+Dog+Dental+Chews+40+Count+Small+Dogs&tag=idls-20,Minties VetIQ Dog Dental Chews 40 Count Small Dogs.jpg
Greenies Original Dental Dog Treats – Teenie (260 Treat Bulk Pack),"Value pack of Greenies Original Teenie dental chews (4 packs of 65, total 260 treats) designed for small dogs (5-15 lbs). VOHC-accepted chewy dental treats that help fight plaque and tartar",$40-$50,4.7/5 stars,https://www.amazon.com/s?k=Greenies+Original+Teenie+Dental+Dog+Treats+260+Count+Bulk+Pack&tag=idls-20,Greenies Original Dental Dog Treats Teenie 260 Treat Bulk Pack.jpg
"Oxyfresh Premium Pet Dental Care Solution (Water Additive, 16 oz)",Dental water additive for dogs and cats. Vet-recommended solution eliminates bad breath and fights plaque & tartar with no brushing required. Flavorless/odorless for easy daily use,$16-$20,4.6/5 stars,https://www.amazon.com/s?k=Oxyfresh+Premium+Pet+Dental+Care+Solution+Water+Additive+16+oz&tag=idls-20,Oxyfresh Premium Pet Dental Care Solution Water Additive 16 oz.jpg
Greenies Original Dental Dog Treats – Teenie (43 Treat Pack),"Regular retail pack of Greenies Teenie dental chews (12 oz bag, ~43 treats) for small dogs. Mechanically clean teeth and freshen breath as the dog chews, intended for daily use",$10-$15,4.7-4.8/5 stars,https://www.amazon.com/s?k=Greenies+Original+Teenie+Dental+Dog+Treats+43+Count&tag=idls-20,Greenies Original Dental Dog Treats Teenie 43 Treat Pack.jpg
HICC PET Disposable Dog & Cat Teeth Cleaning Wipes,"Finger toothbrush wipes with mint scent for dogs and cats. Soft wipes wrap around finger to wipe away plaque, tartar, and bad breath. Alcohol-free with coconut oil-based formula",$15-$16,4.6/5 stars,https://www.amazon.com/s?k=HICC+PET+Disposable+Dog+Cat+Teeth+Cleaning+Wipes&tag=idls-20,HICC PET Disposable Dog Cat Teeth Cleaning Wipes.jpg
PetLab Co. ProBright Dental Powder (Oral Care Supplement),"Brush-free dental powder supplement for small dogs. Added to food daily to reduce plaque and tartar and freshen breath, using probiotics and enzymes. Easy alternative to toothpaste",$30-$35,4.4/5 stars,https://www.amazon.com/s?k=PetLab+Co+ProBright+Dental+Powder+Small+Dogs&tag=idls-20,PetLab Co ProBright Dental Powder Oral Care Supplement.jpg
"Virbac C.E.T. Enzymatic Dog Toothpaste (Poultry Flavor, 2.5 oz)","Popular enzymatic toothpaste formulated for dogs that breaks down plaque and tartar. Poultry flavor makes it palatable, meant for use with pet toothbrush for routine brushing",~$10,4.7/5 stars,https://www.amazon.com/s?k=Virbac+CET+Enzymatic+Dog+Toothpaste+Poultry+Flavor&tag=idls-20,Virbac CET Enzymatic Dog Toothpaste Poultry Flavor 2.5 oz.jpg
"Shameless Pets Dental Sticks – ""A Cluck A Day"" (32 Pack)",Grain-free dental chew sticks with chicken flavor. Help clean teeth and freshen breath while supporting digestion with probiotics and ginger. Ridged stick design for teeth scrubbing,~$25,4.3/5 stars,https://www.amazon.com/s?k=Shameless+Pets+Dental+Sticks+A+Cluck+A+Day+32+Pack&tag=idls-20,Shameless Pets Dental Sticks A Cluck A Day 32 Pack.jpg
"Pet Honesty Dog Dental Powder (Mint Flavor, 60 Servings)",Mint-flavored dental powder for large breed dogs. Sprinkle on food daily to freshen breath and reduce plaque. Contains natural herbal blend plus postbiotics for oral health,$25-$30,4.5/5 stars,https://www.amazon.com/s?k=Pet+Honesty+Dog+Dental+Powder+Mint+Flavor+60+Servings&tag=idls-20,Pet Honesty Dog Dental Powder Mint Flavor 60 Servings.jpg
Arm & Hammer Fresh Breath Enzymatic Dental Kit,"Complete dog dental care kit including enzymatic toothpaste (2.5 oz, baking-soda infused, chicken flavored) plus dual-headed toothbrush and finger brush. Vet-recommended",$8-$11,3.9/5 stars,https://www.amazon.com/s?k=Arm+Hammer+Fresh+Breath+Enzymatic+Dental+Kit+Dog&tag=idls-20,Arm Hammer Fresh Breath Enzymatic Dental Kit.jpg
TropiClean Fresh Breath Water Additive for Dogs,"No-brush dental water additive that fights bacteria, reduces plaque and tartar, and freshens breath as the dog drinks. Easy oral care routine with zero hassle",$14-$18,4.5/5 stars,https://www.amazon.com/s?k=TropiClean+Fresh+Breath+Water+Additive+Dogs&tag=idls-20,TropiClean Fresh Breath Water Additive for Dogs.jpg
Pedigree Dentastix Dental Treats – Large Dog Variety Pack,"Variety pack of Dentastix daily dental treats for large dogs (over 30 lbs) with Original, Beef, and Fresh flavors. X-shaped chew sticks clean down to gumline, scientifically proven",$22-$25,4.7/5 stars,https://www.amazon.com/s?k=Pedigree+Dentastix+Large+Dog+Variety+Pack+Dental+Treats&tag=idls-20,Pedigree Dentastix Dental Treats Large Dog Variety Pack.jpg
PetLab Co. ProBright Advanced Dental Powder (Large Dogs),"Advanced formula dental powder for large breed dogs. Daily food additive promotes clean teeth and fresh breath with probiotic/enzyme blend, tailored for bigger dogs or tougher dental issues",$45-$50,4.4/5 stars,https://www.amazon.com/s?k=PetLab+Co+ProBright+Advanced+Dental+Powder+Large+Dogs&tag=idls-20,PetLab Co ProBright Advanced Dental Powder Large Dogs.jpg
TropiClean Clean Teeth Oral Care Gel (No-Brushing Dental Gel),Mint-flavored dental gel that you apply along the gumline – no brushing needed. Uses natural ingredients to dissolve plaque and tartar over time and freshen breath,$9-$12,4.4/5 stars,https://www.amazon.com/s?k=TropiClean+Clean+Teeth+Oral+Care+Gel+No+Brushing&tag=idls-20,TropiClean Clean Teeth Oral Care Gel No-Brushing Dental Gel.jpg
Nylabone Advanced Oral Care Liquid Tartar Remover (32 oz),"Dental water additive designed to fight tartar buildup and freshen breath. Clear, sugar-free solution mixed into dog's water bowl daily to reduce bacteria and plaque",~$15,4.2-4.3/5 stars,https://www.amazon.com/s?k=Nylabone+Advanced+Oral+Care+Liquid+Tartar+Remover+32+oz&tag=idls-20,Nylabone Advanced Oral Care Liquid Tartar Remover 32 oz.jpg
"Vet's Best Enzymatic Dog Toothpaste (Dental Gel, 3.5 oz)","Veterinarian-formulated enzymatic toothpaste gel using natural ingredients like neem oil, grapefruit seed, baking soda, and enzymes to clean teeth, fight tartar, and soothe gums",$8-$9,4.5/5 stars,https://www.amazon.com/s?k=Vets+Best+Enzymatic+Dog+Toothpaste+Dental+Gel+3.5+oz&tag=idls-20,Vets Best Enzymatic Dog Toothpaste Dental Gel 3.5 oz.jpg
Ark Naturals Brushless Toothpaste Dental Chews (Large Breed),"4-in-1 dental chew treats with unique design – outside is chewy abrasive texture and inside is toothpaste center. Uses natural ingredients like alfalfa, cinnamon, vanilla, clove",~$20,4.4/5 stars,https://www.amazon.com/s?k=Ark+Naturals+Brushless+Toothpaste+Dental+Chews+Large+Breed&tag=idls-20,Ark Naturals Brushless Toothpaste Dental Chews Large Breed.jpg
OraVet Dental Hygiene Chews for Dogs,Premium dental chews containing delmopinol that forms a protective barrier on teeth to prevent bacteria attachment. Scrapes away existing plaque and prevents new plaque formation,$20-$40,4.6/5 stars,https://www.amazon.com/s?k=OraVet+Dental+Hygiene+Chews+Dogs&tag=idls-20,OraVet Dental Hygiene Chews for Dogs.jpg
Milk-Bone Brushing Chews Daily Dental Treats (Small/Medium),Dental bone chews designed to mimic toothbrush action. Nubs and ridges reach down to gumline with twisted shape for better cleaning. Clinically proven to reduce tartar and halitosis,$10-$12,4.6/5 stars,https://www.amazon.com/s?k=Milk+Bone+Brushing+Chews+Daily+Dental+Treats+Small+Medium&tag=idls-20,Milk-Bone Brushing Chews Daily Dental Treats Small Medium.jpg
N-Bone Puppy Teething Dental Sticks (Peanut Butter Flavor),"Soft edible teething sticks for puppies to soothe teething pain while promoting dental health. Flexible, puppy-friendly sticks massage gums and scrape mild plaque. Grain-free and calcium-fortified",$7-$10,4.6/5 stars,https://www.amazon.com/s?k=N+Bone+Puppy+Teething+Dental+Sticks+Peanut+Butter&tag=idls-20,N-Bone Puppy Teething Dental Sticks Peanut Butter Flavor.jpg
